route_id,Hybrid_Predicted_Delay(mins),Reliability,Rank
1008,-8.2025065e-07,游릭 High,1187.0
1027,-8.3035644e-07,游릭 High,1186.0
1022,-8.3395213e-07,游릭 High,1185.0
1019,-8.3733994e-07,游릭 High,1184.0
1087,-8.3771766e-07,游릭 High,1183.0
1065,-8.38201e-07,游릭 High,1182.0
1066,-8.386625e-07,游릭 High,1181.0
933,-8.3986095e-07,游릭 High,1135.5
118,-8.3986095e-07,游릭 High,1135.5
1081,-8.3986095e-07,游릭 High,1135.5
491,-8.3986095e-07,游릭 High,1135.5
678,-8.3986095e-07,游릭 High,1135.5
241,-8.3986095e-07,游릭 High,1135.5
935,-8.3986095e-07,游릭 High,1135.5
123,-8.3986095e-07,游릭 High,1135.5
1094,-8.3986095e-07,游릭 High,1135.5
936,-8.3986095e-07,游릭 High,1135.5
1068,-8.3986095e-07,游릭 High,1135.5
773,-8.3986095e-07,游릭 High,1135.5
923,-8.3986095e-07,游릭 High,1135.5
625,-8.3986095e-07,游릭 High,1135.5
1102,-8.3986095e-07,游릭 High,1135.5
492,-8.3986095e-07,游릭 High,1135.5
378,-8.3986095e-07,游릭 High,1135.5
426,-8.3986095e-07,游릭 High,1135.5
504,-8.3986095e-07,游릭 High,1135.5
651,-8.3986095e-07,游릭 High,1135.5
506,-8.3986095e-07,游릭 High,1135.5
87,-8.3986095e-07,游릭 High,1135.5
906,-8.3986095e-07,游릭 High,1135.5
646,-8.3986095e-07,游릭 High,1135.5
263,-8.3986095e-07,游릭 High,1135.5
639,-8.3986095e-07,游릭 High,1135.5
901,-8.3986095e-07,游릭 High,1135.5
779,-8.3986095e-07,游릭 High,1135.5
762,-8.3986095e-07,游릭 High,1135.5
395,-8.3986095e-07,游릭 High,1135.5
522,-8.3986095e-07,游릭 High,1135.5
430,-8.3986095e-07,游릭 High,1135.5
181,-8.3986095e-07,游릭 High,1135.5
194,-8.3986095e-07,游릭 High,1135.5
175,-8.3986095e-07,游릭 High,1135.5
743,-8.3986095e-07,游릭 High,1135.5
994,-8.3986095e-07,游릭 High,1135.5
962,-8.3986095e-07,游릭 High,1135.5
202,-8.3986095e-07,游릭 High,1135.5
210,-8.3986095e-07,游릭 High,1135.5
708,-8.3986095e-07,游릭 High,1135.5
213,-8.3986095e-07,游릭 High,1135.5
154,-8.3986095e-07,游릭 High,1135.5
151,-8.3986095e-07,游릭 High,1135.5
754,-8.3986095e-07,游릭 High,1135.5
149,-8.3986095e-07,游릭 High,1135.5
949,-8.3986095e-07,游릭 High,1135.5
147,-8.3986095e-07,游릭 High,1135.5
218,-8.3986095e-07,游릭 High,1135.5
404,-8.3986095e-07,游릭 High,1135.5
220,-8.3986095e-07,游릭 High,1135.5
1040,-8.3986095e-07,游릭 High,1135.5
461,-8.3986095e-07,游릭 High,1135.5
695,-8.3986095e-07,游릭 High,1135.5
946,-8.3986095e-07,游릭 High,1135.5
400,-8.3986095e-07,游릭 High,1135.5
398,-8.3986095e-07,游릭 High,1135.5
688,-8.3986095e-07,游릭 High,1135.5
520,-8.3986095e-07,游릭 High,1135.5
377,-8.3986095e-07,游릭 High,1135.5
344,-8.3986095e-07,游릭 High,1135.5
1238,-8.3986095e-07,游릭 High,1135.5
52,-8.3986095e-07,游릭 High,1135.5
604,-8.3986095e-07,游릭 High,1135.5
878,-8.3986095e-07,游릭 High,1135.5
13,-8.3986095e-07,游릭 High,1135.5
48,-8.3986095e-07,游릭 High,1135.5
828,-8.3986095e-07,游릭 High,1135.5
352,-8.3986095e-07,游릭 High,1135.5
350,-8.3986095e-07,游릭 High,1135.5
1202,-8.3986095e-07,游릭 High,1135.5
38,-8.3986095e-07,游릭 High,1135.5
624,-8.3986095e-07,游릭 High,1135.5
1237,-8.3986095e-07,游릭 High,1135.5
600,-8.3986095e-07,游릭 High,1135.5
601,-8.3986095e-07,游릭 High,1135.5
549,-8.3986095e-07,游릭 High,1135.5
1222,-8.3986095e-07,游릭 High,1135.5
867,-8.3986095e-07,游릭 High,1135.5
25,-8.3986095e-07,游릭 High,1135.5
551,-8.3986095e-07,游릭 High,1135.5
866,-8.3986095e-07,游릭 High,1135.5
1184,-8.3986095e-07,游릭 High,1135.5
818,-8.3986095e-07,游릭 High,1135.5
1180,-8.3986095e-07,游릭 High,1135.5
313,-8.3986095e-07,游릭 High,1135.5
63,-8.3986095e-07,游릭 High,1135.5
1178,-8.3986095e-07,游릭 High,1135.5
531,-8.3986095e-07,游릭 High,1135.5
62,-8.3986095e-07,游릭 High,1135.5
839,-8.39861e-07,游릭 High,661.0
735,-8.39861e-07,游릭 High,661.0
736,-8.39861e-07,游릭 High,661.0
838,-8.39861e-07,游릭 High,661.0
734,-8.39861e-07,游릭 High,661.0
753,-8.39861e-07,游릭 High,661.0
737,-8.39861e-07,游릭 High,661.0
820,-8.39861e-07,游릭 High,661.0
738,-8.39861e-07,游릭 High,661.0
733,-8.39861e-07,游릭 High,661.0
739,-8.39861e-07,游릭 High,661.0
755,-8.39861e-07,游릭 High,661.0
821,-8.39861e-07,游릭 High,661.0
822,-8.39861e-07,游릭 High,661.0
823,-8.39861e-07,游릭 High,661.0
833,-8.39861e-07,游릭 High,661.0
752,-8.39861e-07,游릭 High,661.0
740,-8.39861e-07,游릭 High,661.0
836,-8.39861e-07,游릭 High,661.0
834,-8.39861e-07,游릭 High,661.0
745,-8.39861e-07,游릭 High,661.0
746,-8.39861e-07,游릭 High,661.0
747,-8.39861e-07,游릭 High,661.0
749,-8.39861e-07,游릭 High,661.0
835,-8.39861e-07,游릭 High,661.0
831,-8.39861e-07,游릭 High,661.0
750,-8.39861e-07,游릭 High,661.0
744,-8.39861e-07,游릭 High,661.0
829,-8.39861e-07,游릭 High,661.0
751,-8.39861e-07,游릭 High,661.0
741,-8.39861e-07,游릭 High,661.0
837,-8.39861e-07,游릭 High,661.0
827,-8.39861e-07,游릭 High,661.0
826,-8.39861e-07,游릭 High,661.0
825,-8.39861e-07,游릭 High,661.0
830,-8.39861e-07,游릭 High,661.0
793,-8.39861e-07,游릭 High,661.0
819,-8.39861e-07,游릭 High,661.0
786,-8.39861e-07,游릭 High,661.0
777,-8.39861e-07,游릭 High,661.0
778,-8.39861e-07,游릭 High,661.0
780,-8.39861e-07,游릭 High,661.0
800,-8.39861e-07,游릭 High,661.0
781,-8.39861e-07,游릭 High,661.0
782,-8.39861e-07,游릭 High,661.0
783,-8.39861e-07,游릭 High,661.0
799,-8.39861e-07,游릭 High,661.0
785,-8.39861e-07,游릭 High,661.0
787,-8.39861e-07,游릭 High,661.0
756,-8.39861e-07,游릭 High,661.0
788,-8.39861e-07,游릭 High,661.0
789,-8.39861e-07,游릭 High,661.0
798,-8.39861e-07,游릭 High,661.0
797,-8.39861e-07,游릭 High,661.0
790,-8.39861e-07,游릭 High,661.0
796,-8.39861e-07,游릭 High,661.0
791,-8.39861e-07,游릭 High,661.0
795,-8.39861e-07,游릭 High,661.0
792,-8.39861e-07,游릭 High,661.0
801,-8.39861e-07,游릭 High,661.0
802,-8.39861e-07,游릭 High,661.0
776,-8.39861e-07,游릭 High,661.0
775,-8.39861e-07,游릭 High,661.0
757,-8.39861e-07,游릭 High,661.0
760,-8.39861e-07,游릭 High,661.0
794,-8.39861e-07,游릭 High,661.0
817,-8.39861e-07,游릭 High,661.0
763,-8.39861e-07,游릭 High,661.0
816,-8.39861e-07,游릭 High,661.0
815,-8.39861e-07,游릭 High,661.0
813,-8.39861e-07,游릭 High,661.0
765,-8.39861e-07,游릭 High,661.0
810,-8.39861e-07,游릭 High,661.0
808,-8.39861e-07,游릭 High,661.0
767,-8.39861e-07,游릭 High,661.0
768,-8.39861e-07,游릭 High,661.0
769,-8.39861e-07,游릭 High,661.0
770,-8.39861e-07,游릭 High,661.0
771,-8.39861e-07,游릭 High,661.0
772,-8.39861e-07,游릭 High,661.0
807,-8.39861e-07,游릭 High,661.0
803,-8.39861e-07,游릭 High,661.0
732,-8.39861e-07,游릭 High,661.0
707,-8.39861e-07,游릭 High,661.0
731,-8.39861e-07,游릭 High,661.0
654,-8.39861e-07,游릭 High,661.0
617,-8.39861e-07,游릭 High,661.0
618,-8.39861e-07,游릭 High,661.0
619,-8.39861e-07,游릭 High,661.0
620,-8.39861e-07,游릭 High,661.0
621,-8.39861e-07,游릭 High,661.0
622,-8.39861e-07,游릭 High,661.0
623,-8.39861e-07,游릭 High,661.0
1,-8.39861e-07,游릭 High,661.0
626,-8.39861e-07,游릭 High,661.0
627,-8.39861e-07,游릭 High,661.0
628,-8.39861e-07,游릭 High,661.0
629,-8.39861e-07,游릭 High,661.0
630,-8.39861e-07,游릭 High,661.0
631,-8.39861e-07,游릭 High,661.0
632,-8.39861e-07,游릭 High,661.0
633,-8.39861e-07,游릭 High,661.0
636,-8.39861e-07,游릭 High,661.0
637,-8.39861e-07,游릭 High,661.0
638,-8.39861e-07,游릭 High,661.0
640,-8.39861e-07,游릭 High,661.0
641,-8.39861e-07,游릭 High,661.0
642,-8.39861e-07,游릭 High,661.0
644,-8.39861e-07,游릭 High,661.0
647,-8.39861e-07,游릭 High,661.0
649,-8.39861e-07,游릭 High,661.0
650,-8.39861e-07,游릭 High,661.0
652,-8.39861e-07,游릭 High,661.0
616,-8.39861e-07,游릭 High,661.0
615,-8.39861e-07,游릭 High,661.0
614,-8.39861e-07,游릭 High,661.0
594,-8.39861e-07,游릭 High,661.0
580,-8.39861e-07,游릭 High,661.0
581,-8.39861e-07,游릭 High,661.0
582,-8.39861e-07,游릭 High,661.0
583,-8.39861e-07,游릭 High,661.0
584,-8.39861e-07,游릭 High,661.0
586,-8.39861e-07,游릭 High,661.0
588,-8.39861e-07,游릭 High,661.0
589,-8.39861e-07,游릭 High,661.0
590,-8.39861e-07,游릭 High,661.0
591,-8.39861e-07,游릭 High,661.0
592,-8.39861e-07,游릭 High,661.0
593,-8.39861e-07,游릭 High,661.0
595,-8.39861e-07,游릭 High,661.0
613,-8.39861e-07,游릭 High,661.0
596,-8.39861e-07,游릭 High,661.0
597,-8.39861e-07,游릭 High,661.0
598,-8.39861e-07,游릭 High,661.0
599,-8.39861e-07,游릭 High,661.0
602,-8.39861e-07,游릭 High,661.0
605,-8.39861e-07,游릭 High,661.0
606,-8.39861e-07,游릭 High,661.0
607,-8.39861e-07,游릭 High,661.0
608,-8.39861e-07,游릭 High,661.0
609,-8.39861e-07,游릭 High,661.0
610,-8.39861e-07,游릭 High,661.0
612,-8.39861e-07,游릭 High,661.0
653,-8.39861e-07,游릭 High,661.0
656,-8.39861e-07,游릭 High,661.0
730,-8.39861e-07,游릭 High,661.0
659,-8.39861e-07,游릭 High,661.0
698,-8.39861e-07,游릭 High,661.0
699,-8.39861e-07,游릭 High,661.0
702,-8.39861e-07,游릭 High,661.0
703,-8.39861e-07,游릭 High,661.0
704,-8.39861e-07,游릭 High,661.0
705,-8.39861e-07,游릭 High,661.0
706,-8.39861e-07,游릭 High,661.0
841,-8.39861e-07,游릭 High,661.0
709,-8.39861e-07,游릭 High,661.0
710,-8.39861e-07,游릭 High,661.0
711,-8.39861e-07,游릭 High,661.0
712,-8.39861e-07,游릭 High,661.0
713,-8.39861e-07,游릭 High,661.0
714,-8.39861e-07,游릭 High,661.0
715,-8.39861e-07,游릭 High,661.0
716,-8.39861e-07,游릭 High,661.0
717,-8.39861e-07,游릭 High,661.0
720,-8.39861e-07,游릭 High,661.0
721,-8.39861e-07,游릭 High,661.0
722,-8.39861e-07,游릭 High,661.0
723,-8.39861e-07,游릭 High,661.0
724,-8.39861e-07,游릭 High,661.0
725,-8.39861e-07,游릭 High,661.0
726,-8.39861e-07,游릭 High,661.0
727,-8.39861e-07,游릭 High,661.0
728,-8.39861e-07,游릭 High,661.0
729,-8.39861e-07,游릭 High,661.0
697,-8.39861e-07,游릭 High,661.0
696,-8.39861e-07,游릭 High,661.0
694,-8.39861e-07,游릭 High,661.0
673,-8.39861e-07,游릭 High,661.0
660,-8.39861e-07,游릭 High,661.0
661,-8.39861e-07,游릭 High,661.0
662,-8.39861e-07,游릭 High,661.0
663,-8.39861e-07,游릭 High,661.0
664,-8.39861e-07,游릭 High,661.0
665,-8.39861e-07,游릭 High,661.0
666,-8.39861e-07,游릭 High,661.0
667,-8.39861e-07,游릭 High,661.0
669,-8.39861e-07,游릭 High,661.0
670,-8.39861e-07,游릭 High,661.0
671,-8.39861e-07,游릭 High,661.0
672,-8.39861e-07,游릭 High,661.0
674,-8.39861e-07,游릭 High,661.0
693,-8.39861e-07,游릭 High,661.0
675,-8.39861e-07,游릭 High,661.0
676,-8.39861e-07,游릭 High,661.0
679,-8.39861e-07,游릭 High,661.0
681,-8.39861e-07,游릭 High,661.0
683,-8.39861e-07,游릭 High,661.0
684,-8.39861e-07,游릭 High,661.0
685,-8.39861e-07,游릭 High,661.0
686,-8.39861e-07,游릭 High,661.0
689,-8.39861e-07,游릭 High,661.0
690,-8.39861e-07,游릭 High,661.0
691,-8.39861e-07,游릭 High,661.0
692,-8.39861e-07,游릭 High,661.0
840,-8.39861e-07,游릭 High,661.0
871,-8.39861e-07,游릭 High,661.0
843,-8.39861e-07,游릭 High,661.0
1085,-8.39861e-07,游릭 High,661.0
1090,-8.39861e-07,游릭 High,661.0
1092,-8.39861e-07,游릭 High,661.0
1093,-8.39861e-07,游릭 High,661.0
1095,-8.39861e-07,游릭 High,661.0
1096,-8.39861e-07,游릭 High,661.0
1099,-8.39861e-07,游릭 High,661.0
1100,-8.39861e-07,游릭 High,661.0
1101,-8.39861e-07,游릭 High,661.0
1104,-8.39861e-07,游릭 High,661.0
1105,-8.39861e-07,游릭 High,661.0
1109,-8.39861e-07,游릭 High,661.0
1110,-8.39861e-07,游릭 High,661.0
1112,-8.39861e-07,游릭 High,661.0
1113,-8.39861e-07,游릭 High,661.0
1115,-8.39861e-07,游릭 High,661.0
1116,-8.39861e-07,游릭 High,661.0
1117,-8.39861e-07,游릭 High,661.0
1120,-8.39861e-07,游릭 High,661.0
1123,-8.39861e-07,游릭 High,661.0
1125,-8.39861e-07,游릭 High,661.0
1127,-8.39861e-07,游릭 High,661.0
1128,-8.39861e-07,游릭 High,661.0
1132,-8.39861e-07,游릭 High,661.0
1133,-8.39861e-07,游릭 High,661.0
1139,-8.39861e-07,游릭 High,661.0
1141,-8.39861e-07,游릭 High,661.0
1142,-8.39861e-07,游릭 High,661.0
1088,-8.39861e-07,游릭 High,661.0
1084,-8.39861e-07,游릭 High,661.0
1014,-8.39861e-07,游릭 High,661.0
1082,-8.39861e-07,游릭 High,661.0
1020,-8.39861e-07,游릭 High,661.0
1026,-8.39861e-07,游릭 High,661.0
1030,-8.39861e-07,游릭 High,661.0
1031,-8.39861e-07,游릭 High,661.0
1033,-8.39861e-07,游릭 High,661.0
1034,-8.39861e-07,游릭 High,661.0
1037,-8.39861e-07,游릭 High,661.0
1038,-8.39861e-07,游릭 High,661.0
1039,-8.39861e-07,游릭 High,661.0
1041,-8.39861e-07,游릭 High,661.0
1045,-8.39861e-07,游릭 High,661.0
1046,-8.39861e-07,游릭 High,661.0
1047,-8.39861e-07,游릭 High,661.0
1051,-8.39861e-07,游릭 High,661.0
1053,-8.39861e-07,游릭 High,661.0
1054,-8.39861e-07,游릭 High,661.0
1055,-8.39861e-07,游릭 High,661.0
1056,-8.39861e-07,游릭 High,661.0
1058,-8.39861e-07,游릭 High,661.0
1062,-8.39861e-07,游릭 High,661.0
1063,-8.39861e-07,游릭 High,661.0
1067,-8.39861e-07,游릭 High,661.0
1069,-8.39861e-07,游릭 High,661.0
1073,-8.39861e-07,游릭 High,661.0
1075,-8.39861e-07,游릭 High,661.0
1076,-8.39861e-07,游릭 High,661.0
1077,-8.39861e-07,游릭 High,661.0
1145,-8.39861e-07,游릭 High,661.0
1146,-8.39861e-07,游릭 High,661.0
1149,-8.39861e-07,游릭 High,661.0
1151,-8.39861e-07,游릭 High,661.0
1223,-8.39861e-07,游릭 High,661.0
1224,-8.39861e-07,游릭 High,661.0
1226,-8.39861e-07,游릭 High,661.0
1230,-8.39861e-07,游릭 High,661.0
1231,-8.39861e-07,游릭 High,661.0
1232,-8.39861e-07,游릭 High,661.0
1233,-8.39861e-07,游릭 High,661.0
1234,-8.39861e-07,游릭 High,661.0
1235,-8.39861e-07,游릭 High,661.0
1239,-8.39861e-07,游릭 High,661.0
1241,-8.39861e-07,游릭 High,661.0
1242,-8.39861e-07,游릭 High,661.0
1243,-8.39861e-07,游릭 High,661.0
1244,-8.39861e-07,游릭 High,661.0
1247,-8.39861e-07,游릭 High,661.0
1248,-8.39861e-07,游릭 High,661.0
1250,-8.39861e-07,游릭 High,661.0
1251,-8.39861e-07,游릭 High,661.0
1253,-8.39861e-07,游릭 High,661.0
1255,-8.39861e-07,游릭 High,661.0
1256,-8.39861e-07,游릭 High,661.0
1257,-8.39861e-07,游릭 High,661.0
1258,-8.39861e-07,游릭 High,661.0
1263,-8.39861e-07,游릭 High,661.0
1266,-8.39861e-07,游릭 High,661.0
1267,-8.39861e-07,游릭 High,661.0
1268,-8.39861e-07,游릭 High,661.0
1220,-8.39861e-07,游릭 High,661.0
1214,-8.39861e-07,游릭 High,661.0
1209,-8.39861e-07,游릭 High,661.0
1179,-8.39861e-07,游릭 High,661.0
1152,-8.39861e-07,游릭 High,661.0
1153,-8.39861e-07,游릭 High,661.0
1155,-8.39861e-07,游릭 High,661.0
1156,-8.39861e-07,游릭 High,661.0
1158,-8.39861e-07,游릭 High,661.0
1160,-8.39861e-07,游릭 High,661.0
1166,-8.39861e-07,游릭 High,661.0
1167,-8.39861e-07,游릭 High,661.0
1170,-8.39861e-07,游릭 High,661.0
1172,-8.39861e-07,游릭 High,661.0
1174,-8.39861e-07,游릭 High,661.0
1176,-8.39861e-07,游릭 High,661.0
1182,-8.39861e-07,游릭 High,661.0
1207,-8.39861e-07,游릭 High,661.0
1183,-8.39861e-07,游릭 High,661.0
1185,-8.39861e-07,游릭 High,661.0
1186,-8.39861e-07,游릭 High,661.0
1187,-8.39861e-07,游릭 High,661.0
1189,-8.39861e-07,游릭 High,661.0
1192,-8.39861e-07,游릭 High,661.0
1193,-8.39861e-07,游릭 High,661.0
1194,-8.39861e-07,游릭 High,661.0
1198,-8.39861e-07,游릭 High,661.0
1201,-8.39861e-07,游릭 High,661.0
1204,-8.39861e-07,游릭 High,661.0
1205,-8.39861e-07,游릭 High,661.0
1015,-8.39861e-07,游릭 High,661.0
1013,-8.39861e-07,游릭 High,661.0
844,-8.39861e-07,游릭 High,661.0
877,-8.39861e-07,游릭 High,661.0
884,-8.39861e-07,游릭 High,661.0
886,-8.39861e-07,游릭 High,661.0
887,-8.39861e-07,游릭 High,661.0
888,-8.39861e-07,游릭 High,661.0
889,-8.39861e-07,游릭 High,661.0
890,-8.39861e-07,游릭 High,661.0
893,-8.39861e-07,游릭 High,661.0
894,-8.39861e-07,游릭 High,661.0
895,-8.39861e-07,游릭 High,661.0
896,-8.39861e-07,游릭 High,661.0
897,-8.39861e-07,游릭 High,661.0
899,-8.39861e-07,游릭 High,661.0
902,-8.39861e-07,游릭 High,661.0
903,-8.39861e-07,游릭 High,661.0
904,-8.39861e-07,游릭 High,661.0
905,-8.39861e-07,游릭 High,661.0
907,-8.39861e-07,游릭 High,661.0
908,-8.39861e-07,游릭 High,661.0
909,-8.39861e-07,游릭 High,661.0
910,-8.39861e-07,游릭 High,661.0
912,-8.39861e-07,游릭 High,661.0
914,-8.39861e-07,游릭 High,661.0
915,-8.39861e-07,游릭 High,661.0
916,-8.39861e-07,游릭 High,661.0
917,-8.39861e-07,游릭 High,661.0
919,-8.39861e-07,游릭 High,661.0
920,-8.39861e-07,游릭 High,661.0
879,-8.39861e-07,游릭 High,661.0
876,-8.39861e-07,游릭 High,661.0
1007,-8.39861e-07,游릭 High,661.0
875,-8.39861e-07,游릭 High,661.0
845,-8.39861e-07,游릭 High,661.0
846,-8.39861e-07,游릭 High,661.0
847,-8.39861e-07,游릭 High,661.0
848,-8.39861e-07,游릭 High,661.0
849,-8.39861e-07,游릭 High,661.0
850,-8.39861e-07,游릭 High,661.0
851,-8.39861e-07,游릭 High,661.0
852,-8.39861e-07,游릭 High,661.0
854,-8.39861e-07,游릭 High,661.0
855,-8.39861e-07,游릭 High,661.0
856,-8.39861e-07,游릭 High,661.0
857,-8.39861e-07,游릭 High,661.0
858,-8.39861e-07,游릭 High,661.0
859,-8.39861e-07,游릭 High,661.0
860,-8.39861e-07,游릭 High,661.0
861,-8.39861e-07,游릭 High,661.0
862,-8.39861e-07,游릭 High,661.0
863,-8.39861e-07,游릭 High,661.0
864,-8.39861e-07,游릭 High,661.0
865,-8.39861e-07,游릭 High,661.0
868,-8.39861e-07,游릭 High,661.0
869,-8.39861e-07,游릭 High,661.0
870,-8.39861e-07,游릭 High,661.0
578,-8.39861e-07,游릭 High,661.0
872,-8.39861e-07,游릭 High,661.0
873,-8.39861e-07,游릭 High,661.0
874,-8.39861e-07,游릭 High,661.0
921,-8.39861e-07,游릭 High,661.0
922,-8.39861e-07,游릭 High,661.0
924,-8.39861e-07,游릭 High,661.0
925,-8.39861e-07,游릭 High,661.0
970,-8.39861e-07,游릭 High,661.0
973,-8.39861e-07,游릭 High,661.0
974,-8.39861e-07,游릭 High,661.0
975,-8.39861e-07,游릭 High,661.0
976,-8.39861e-07,游릭 High,661.0
977,-8.39861e-07,游릭 High,661.0
978,-8.39861e-07,游릭 High,661.0
979,-8.39861e-07,游릭 High,661.0
980,-8.39861e-07,游릭 High,661.0
981,-8.39861e-07,游릭 High,661.0
982,-8.39861e-07,游릭 High,661.0
984,-8.39861e-07,游릭 High,661.0
985,-8.39861e-07,游릭 High,661.0
986,-8.39861e-07,游릭 High,661.0
987,-8.39861e-07,游릭 High,661.0
988,-8.39861e-07,游릭 High,661.0
989,-8.39861e-07,游릭 High,661.0
990,-8.39861e-07,游릭 High,661.0
991,-8.39861e-07,游릭 High,661.0
992,-8.39861e-07,游릭 High,661.0
993,-8.39861e-07,游릭 High,661.0
995,-8.39861e-07,游릭 High,661.0
996,-8.39861e-07,游릭 High,661.0
997,-8.39861e-07,游릭 High,661.0
998,-8.39861e-07,游릭 High,661.0
1000,-8.39861e-07,游릭 High,661.0
1004,-8.39861e-07,游릭 High,661.0
968,-8.39861e-07,游릭 High,661.0
965,-8.39861e-07,游릭 High,661.0
964,-8.39861e-07,游릭 High,661.0
944,-8.39861e-07,游릭 High,661.0
926,-8.39861e-07,游릭 High,661.0
927,-8.39861e-07,游릭 High,661.0
930,-8.39861e-07,游릭 High,661.0
931,-8.39861e-07,游릭 High,661.0
932,-8.39861e-07,游릭 High,661.0
934,-8.39861e-07,游릭 High,661.0
937,-8.39861e-07,游릭 High,661.0
938,-8.39861e-07,游릭 High,661.0
939,-8.39861e-07,游릭 High,661.0
940,-8.39861e-07,游릭 High,661.0
941,-8.39861e-07,游릭 High,661.0
942,-8.39861e-07,游릭 High,661.0
945,-8.39861e-07,游릭 High,661.0
963,-8.39861e-07,游릭 High,661.0
947,-8.39861e-07,游릭 High,661.0
948,-8.39861e-07,游릭 High,661.0
950,-8.39861e-07,游릭 High,661.0
951,-8.39861e-07,游릭 High,661.0
952,-8.39861e-07,游릭 High,661.0
954,-8.39861e-07,游릭 High,661.0
955,-8.39861e-07,游릭 High,661.0
956,-8.39861e-07,游릭 High,661.0
957,-8.39861e-07,游릭 High,661.0
958,-8.39861e-07,游릭 High,661.0
960,-8.39861e-07,游릭 High,661.0
961,-8.39861e-07,游릭 High,661.0
579,-8.39861e-07,游릭 High,661.0
0,-8.39861e-07,游릭 High,661.0
577,-8.39861e-07,游릭 High,661.0
258,-8.39861e-07,游릭 High,661.0
225,-8.39861e-07,游릭 High,661.0
226,-8.39861e-07,游릭 High,661.0
229,-8.39861e-07,游릭 High,661.0
230,-8.39861e-07,游릭 High,661.0
231,-8.39861e-07,游릭 High,661.0
232,-8.39861e-07,游릭 High,661.0
233,-8.39861e-07,游릭 High,661.0
235,-8.39861e-07,游릭 High,661.0
236,-8.39861e-07,游릭 High,661.0
237,-8.39861e-07,游릭 High,661.0
239,-8.39861e-07,游릭 High,661.0
242,-8.39861e-07,游릭 High,661.0
243,-8.39861e-07,游릭 High,661.0
244,-8.39861e-07,游릭 High,661.0
245,-8.39861e-07,游릭 High,661.0
246,-8.39861e-07,游릭 High,661.0
247,-8.39861e-07,游릭 High,661.0
576,-8.39861e-07,游릭 High,661.0
249,-8.39861e-07,游릭 High,661.0
250,-8.39861e-07,游릭 High,661.0
251,-8.39861e-07,游릭 High,661.0
252,-8.39861e-07,游릭 High,661.0
253,-8.39861e-07,游릭 High,661.0
255,-8.39861e-07,游릭 High,661.0
256,-8.39861e-07,游릭 High,661.0
224,-8.39861e-07,游릭 High,661.0
222,-8.39861e-07,游릭 High,661.0
221,-8.39861e-07,游릭 High,661.0
187,-8.39861e-07,游릭 High,661.0
171,-8.39861e-07,游릭 High,661.0
172,-8.39861e-07,游릭 High,661.0
173,-8.39861e-07,游릭 High,661.0
174,-8.39861e-07,游릭 High,661.0
177,-8.39861e-07,游릭 High,661.0
178,-8.39861e-07,游릭 High,661.0
179,-8.39861e-07,游릭 High,661.0
180,-8.39861e-07,游릭 High,661.0
184,-8.39861e-07,游릭 High,661.0
185,-8.39861e-07,游릭 High,661.0
186,-8.39861e-07,游릭 High,661.0
188,-8.39861e-07,游릭 High,661.0
219,-8.39861e-07,游릭 High,661.0
190,-8.39861e-07,游릭 High,661.0
191,-8.39861e-07,游릭 High,661.0
192,-8.39861e-07,游릭 High,661.0
198,-8.39861e-07,游릭 High,661.0
201,-8.39861e-07,游릭 High,661.0
203,-8.39861e-07,游릭 High,661.0
204,-8.39861e-07,游릭 High,661.0
208,-8.39861e-07,游릭 High,661.0
211,-8.39861e-07,游릭 High,661.0
214,-8.39861e-07,游릭 High,661.0
216,-8.39861e-07,游릭 High,661.0
257,-8.39861e-07,游릭 High,661.0
259,-8.39861e-07,游릭 High,661.0
168,-8.39861e-07,游릭 High,661.0
260,-8.39861e-07,游릭 High,661.0
299,-8.39861e-07,游릭 High,661.0
301,-8.39861e-07,游릭 High,661.0
302,-8.39861e-07,游릭 High,661.0
303,-8.39861e-07,游릭 High,661.0
304,-8.39861e-07,游릭 High,661.0
305,-8.39861e-07,游릭 High,661.0
306,-8.39861e-07,游릭 High,661.0
308,-8.39861e-07,游릭 High,661.0
310,-8.39861e-07,游릭 High,661.0
311,-8.39861e-07,游릭 High,661.0
312,-8.39861e-07,游릭 High,661.0
314,-8.39861e-07,游릭 High,661.0
316,-8.39861e-07,游릭 High,661.0
318,-8.39861e-07,游릭 High,661.0
319,-8.39861e-07,游릭 High,661.0
320,-8.39861e-07,游릭 High,661.0
321,-8.39861e-07,游릭 High,661.0
322,-8.39861e-07,游릭 High,661.0
324,-8.39861e-07,游릭 High,661.0
326,-8.39861e-07,游릭 High,661.0
327,-8.39861e-07,游릭 High,661.0
328,-8.39861e-07,游릭 High,661.0
329,-8.39861e-07,游릭 High,661.0
332,-8.39861e-07,游릭 High,661.0
333,-8.39861e-07,游릭 High,661.0
298,-8.39861e-07,游릭 High,661.0
296,-8.39861e-07,游릭 High,661.0
295,-8.39861e-07,游릭 High,661.0
275,-8.39861e-07,游릭 High,661.0
261,-8.39861e-07,游릭 High,661.0
262,-8.39861e-07,游릭 High,661.0
264,-8.39861e-07,游릭 High,661.0
265,-8.39861e-07,游릭 High,661.0
268,-8.39861e-07,游릭 High,661.0
269,-8.39861e-07,游릭 High,661.0
270,-8.39861e-07,游릭 High,661.0
271,-8.39861e-07,游릭 High,661.0
272,-8.39861e-07,游릭 High,661.0
273,-8.39861e-07,游릭 High,661.0
274,-8.39861e-07,游릭 High,661.0
276,-8.39861e-07,游릭 High,661.0
294,-8.39861e-07,游릭 High,661.0
277,-8.39861e-07,游릭 High,661.0
278,-8.39861e-07,游릭 High,661.0
280,-8.39861e-07,游릭 High,661.0
281,-8.39861e-07,游릭 High,661.0
282,-8.39861e-07,游릭 High,661.0
283,-8.39861e-07,游릭 High,661.0
284,-8.39861e-07,游릭 High,661.0
285,-8.39861e-07,游릭 High,661.0
289,-8.39861e-07,游릭 High,661.0
290,-8.39861e-07,游릭 High,661.0
291,-8.39861e-07,游릭 High,661.0
170,-8.39861e-07,游릭 High,661.0
166,-8.39861e-07,游릭 High,661.0
336,-8.39861e-07,游릭 High,661.0
71,-8.39861e-07,游릭 High,661.0
36,-8.39861e-07,游릭 High,661.0
37,-8.39861e-07,游릭 High,661.0
39,-8.39861e-07,游릭 High,661.0
40,-8.39861e-07,游릭 High,661.0
41,-8.39861e-07,游릭 High,661.0
42,-8.39861e-07,游릭 High,661.0
44,-8.39861e-07,游릭 High,661.0
45,-8.39861e-07,游릭 High,661.0
46,-8.39861e-07,游릭 High,661.0
47,-8.39861e-07,游릭 High,661.0
49,-8.39861e-07,游릭 High,661.0
50,-8.39861e-07,游릭 High,661.0
51,-8.39861e-07,游릭 High,661.0
53,-8.39861e-07,游릭 High,661.0
54,-8.39861e-07,游릭 High,661.0
55,-8.39861e-07,游릭 High,661.0
56,-8.39861e-07,游릭 High,661.0
57,-8.39861e-07,游릭 High,661.0
59,-8.39861e-07,游릭 High,661.0
60,-8.39861e-07,游릭 High,661.0
64,-8.39861e-07,游릭 High,661.0
65,-8.39861e-07,游릭 High,661.0
66,-8.39861e-07,游릭 High,661.0
67,-8.39861e-07,游릭 High,661.0
69,-8.39861e-07,游릭 High,661.0
35,-8.39861e-07,游릭 High,661.0
34,-8.39861e-07,游릭 High,661.0
33,-8.39861e-07,游릭 High,661.0
16,-8.39861e-07,游릭 High,661.0
2,-8.39861e-07,游릭 High,661.0
5,-8.39861e-07,游릭 High,661.0
6,-8.39861e-07,游릭 High,661.0
7,-8.39861e-07,游릭 High,661.0
8,-8.39861e-07,游릭 High,661.0
9,-8.39861e-07,游릭 High,661.0
10,-8.39861e-07,游릭 High,661.0
11,-8.39861e-07,游릭 High,661.0
12,-8.39861e-07,游릭 High,661.0
14,-8.39861e-07,游릭 High,661.0
15,-8.39861e-07,游릭 High,661.0
18,-8.39861e-07,游릭 High,661.0
32,-8.39861e-07,游릭 High,661.0
19,-8.39861e-07,游릭 High,661.0
20,-8.39861e-07,游릭 High,661.0
21,-8.39861e-07,游릭 High,661.0
22,-8.39861e-07,游릭 High,661.0
23,-8.39861e-07,游릭 High,661.0
24,-8.39861e-07,游릭 High,661.0
26,-8.39861e-07,游릭 High,661.0
27,-8.39861e-07,游릭 High,661.0
28,-8.39861e-07,游릭 High,661.0
30,-8.39861e-07,游릭 High,661.0
31,-8.39861e-07,游릭 High,661.0
70,-8.39861e-07,游릭 High,661.0
72,-8.39861e-07,游릭 High,661.0
165,-8.39861e-07,游릭 High,661.0
73,-8.39861e-07,游릭 High,661.0
125,-8.39861e-07,游릭 High,661.0
126,-8.39861e-07,游릭 High,661.0
129,-8.39861e-07,游릭 High,661.0
130,-8.39861e-07,游릭 High,661.0
131,-8.39861e-07,游릭 High,661.0
132,-8.39861e-07,游릭 High,661.0
134,-8.39861e-07,游릭 High,661.0
136,-8.39861e-07,游릭 High,661.0
137,-8.39861e-07,游릭 High,661.0
138,-8.39861e-07,游릭 High,661.0
139,-8.39861e-07,游릭 High,661.0
140,-8.39861e-07,游릭 High,661.0
141,-8.39861e-07,游릭 High,661.0
142,-8.39861e-07,游릭 High,661.0
143,-8.39861e-07,游릭 High,661.0
144,-8.39861e-07,游릭 High,661.0
150,-8.39861e-07,游릭 High,661.0
152,-8.39861e-07,游릭 High,661.0
153,-8.39861e-07,游릭 High,661.0
155,-8.39861e-07,游릭 High,661.0
158,-8.39861e-07,游릭 High,661.0
159,-8.39861e-07,游릭 High,661.0
161,-8.39861e-07,游릭 High,661.0
162,-8.39861e-07,游릭 High,661.0
163,-8.39861e-07,游릭 High,661.0
124,-8.39861e-07,游릭 High,661.0
122,-8.39861e-07,游릭 High,661.0
121,-8.39861e-07,游릭 High,661.0
92,-8.39861e-07,游릭 High,661.0
74,-8.39861e-07,游릭 High,661.0
75,-8.39861e-07,游릭 High,661.0
77,-8.39861e-07,游릭 High,661.0
78,-8.39861e-07,游릭 High,661.0
80,-8.39861e-07,游릭 High,661.0
81,-8.39861e-07,游릭 High,661.0
83,-8.39861e-07,游릭 High,661.0
85,-8.39861e-07,游릭 High,661.0
86,-8.39861e-07,游릭 High,661.0
89,-8.39861e-07,游릭 High,661.0
90,-8.39861e-07,游릭 High,661.0
93,-8.39861e-07,游릭 High,661.0
120,-8.39861e-07,游릭 High,661.0
94,-8.39861e-07,游릭 High,661.0
96,-8.39861e-07,游릭 High,661.0
97,-8.39861e-07,游릭 High,661.0
98,-8.39861e-07,游릭 High,661.0
99,-8.39861e-07,游릭 High,661.0
107,-8.39861e-07,游릭 High,661.0
110,-8.39861e-07,游릭 High,661.0
111,-8.39861e-07,游릭 High,661.0
113,-8.39861e-07,游릭 High,661.0
116,-8.39861e-07,游릭 High,661.0
117,-8.39861e-07,游릭 High,661.0
334,-8.39861e-07,游릭 High,661.0
248,-8.39861e-07,游릭 High,661.0
472,-8.39861e-07,游릭 High,661.0
421,-8.39861e-07,游릭 High,661.0
465,-8.39861e-07,游릭 High,661.0
466,-8.39861e-07,游릭 High,661.0
467,-8.39861e-07,游릭 High,661.0
469,-8.39861e-07,游릭 High,661.0
470,-8.39861e-07,游릭 High,661.0
471,-8.39861e-07,游릭 High,661.0
473,-8.39861e-07,游릭 High,661.0
476,-8.39861e-07,游릭 High,661.0
477,-8.39861e-07,游릭 High,661.0
478,-8.39861e-07,游릭 High,661.0
479,-8.39861e-07,游릭 High,661.0
480,-8.39861e-07,游릭 High,661.0
482,-8.39861e-07,游릭 High,661.0
483,-8.39861e-07,游릭 High,661.0
485,-8.39861e-07,游릭 High,661.0
488,-8.39861e-07,游릭 High,661.0
489,-8.39861e-07,游릭 High,661.0
490,-8.39861e-07,游릭 High,661.0
494,-8.39861e-07,游릭 High,661.0
496,-8.39861e-07,游릭 High,661.0
497,-8.39861e-07,游릭 High,661.0
498,-8.39861e-07,游릭 High,661.0
499,-8.39861e-07,游릭 High,661.0
500,-8.39861e-07,游릭 High,661.0
502,-8.39861e-07,游릭 High,661.0
464,-8.39861e-07,游릭 High,661.0
463,-8.39861e-07,游릭 High,661.0
462,-8.39861e-07,游릭 High,661.0
442,-8.39861e-07,游릭 High,661.0
423,-8.39861e-07,游릭 High,661.0
424,-8.39861e-07,游릭 High,661.0
427,-8.39861e-07,游릭 High,661.0
428,-8.39861e-07,游릭 High,661.0
431,-8.39861e-07,游릭 High,661.0
434,-8.39861e-07,游릭 High,661.0
435,-8.39861e-07,游릭 High,661.0
436,-8.39861e-07,游릭 High,661.0
437,-8.39861e-07,游릭 High,661.0
439,-8.39861e-07,游릭 High,661.0
440,-8.39861e-07,游릭 High,661.0
443,-8.39861e-07,游릭 High,661.0
460,-8.39861e-07,游릭 High,661.0
445,-8.39861e-07,游릭 High,661.0
447,-8.39861e-07,游릭 High,661.0
448,-8.39861e-07,游릭 High,661.0
450,-8.39861e-07,游릭 High,661.0
451,-8.39861e-07,游릭 High,661.0
452,-8.39861e-07,游릭 High,661.0
453,-8.39861e-07,游릭 High,661.0
454,-8.39861e-07,游릭 High,661.0
456,-8.39861e-07,游릭 High,661.0
457,-8.39861e-07,游릭 High,661.0
459,-8.39861e-07,游릭 High,661.0
505,-8.39861e-07,游릭 High,661.0
507,-8.39861e-07,游릭 High,661.0
508,-8.39861e-07,游릭 High,661.0
562,-8.39861e-07,游릭 High,661.0
548,-8.39861e-07,游릭 High,661.0
550,-8.39861e-07,游릭 High,661.0
552,-8.39861e-07,游릭 High,661.0
553,-8.39861e-07,游릭 High,661.0
554,-8.39861e-07,游릭 High,661.0
556,-8.39861e-07,游릭 High,661.0
557,-8.39861e-07,游릭 High,661.0
558,-8.39861e-07,游릭 High,661.0
559,-8.39861e-07,游릭 High,661.0
560,-8.39861e-07,游릭 High,661.0
561,-8.39861e-07,游릭 High,661.0
563,-8.39861e-07,游릭 High,661.0
545,-8.39861e-07,游릭 High,661.0
564,-8.39861e-07,游릭 High,661.0
565,-8.39861e-07,游릭 High,661.0
566,-8.39861e-07,游릭 High,661.0
567,-8.39861e-07,游릭 High,661.0
568,-8.39861e-07,游릭 High,661.0
570,-8.39861e-07,游릭 High,661.0
571,-8.39861e-07,游릭 High,661.0
572,-8.39861e-07,游릭 High,661.0
573,-8.39861e-07,游릭 High,661.0
574,-8.39861e-07,游릭 High,661.0
575,-8.39861e-07,游릭 High,661.0
547,-8.39861e-07,游릭 High,661.0
544,-8.39861e-07,游릭 High,661.0
509,-8.39861e-07,游릭 High,661.0
527,-8.39861e-07,游릭 High,661.0
511,-8.39861e-07,游릭 High,661.0
512,-8.39861e-07,游릭 High,661.0
513,-8.39861e-07,游릭 High,661.0
514,-8.39861e-07,游릭 High,661.0
516,-8.39861e-07,游릭 High,661.0
518,-8.39861e-07,游릭 High,661.0
519,-8.39861e-07,游릭 High,661.0
521,-8.39861e-07,游릭 High,661.0
523,-8.39861e-07,游릭 High,661.0
524,-8.39861e-07,游릭 High,661.0
526,-8.39861e-07,游릭 High,661.0
529,-8.39861e-07,游릭 High,661.0
543,-8.39861e-07,游릭 High,661.0
530,-8.39861e-07,游릭 High,661.0
532,-8.39861e-07,游릭 High,661.0
533,-8.39861e-07,游릭 High,661.0
534,-8.39861e-07,游릭 High,661.0
535,-8.39861e-07,游릭 High,661.0
537,-8.39861e-07,游릭 High,661.0
538,-8.39861e-07,游릭 High,661.0
539,-8.39861e-07,游릭 High,661.0
540,-8.39861e-07,游릭 High,661.0
541,-8.39861e-07,游릭 High,661.0
542,-8.39861e-07,游릭 High,661.0
422,-8.39861e-07,游릭 High,661.0
1269,-8.39861e-07,游릭 High,661.0
383,-8.39861e-07,游릭 High,661.0
361,-8.39861e-07,游릭 High,661.0
369,-8.39861e-07,游릭 High,661.0
368,-8.39861e-07,游릭 High,661.0
367,-8.39861e-07,游릭 High,661.0
366,-8.39861e-07,游릭 High,661.0
364,-8.39861e-07,游릭 High,661.0
363,-8.39861e-07,游릭 High,661.0
384,-8.39861e-07,游릭 High,661.0
362,-8.39861e-07,游릭 High,661.0
359,-8.39861e-07,游릭 High,661.0
397,-8.39861e-07,游릭 High,661.0
358,-8.39861e-07,游릭 High,661.0
403,-8.39861e-07,游릭 High,661.0
357,-8.39861e-07,游릭 High,661.0
356,-8.39861e-07,游릭 High,661.0
355,-8.39861e-07,游릭 High,661.0
405,-8.39861e-07,游릭 High,661.0
354,-8.39861e-07,游릭 High,661.0
406,-8.39861e-07,游릭 High,661.0
370,-8.39861e-07,游릭 High,661.0
371,-8.39861e-07,游릭 High,661.0
408,-8.39861e-07,游릭 High,661.0
376,-8.39861e-07,游릭 High,661.0
385,-8.39861e-07,游릭 High,661.0
386,-8.39861e-07,游릭 High,661.0
420,-8.39861e-07,游릭 High,661.0
382,-8.39861e-07,游릭 High,661.0
387,-8.39861e-07,游릭 High,661.0
381,-8.39861e-07,游릭 High,661.0
380,-8.39861e-07,游릭 High,661.0
379,-8.39861e-07,游릭 High,661.0
389,-8.39861e-07,游릭 High,661.0
396,-8.39861e-07,游릭 High,661.0
390,-8.39861e-07,游릭 High,661.0
391,-8.39861e-07,游릭 High,661.0
392,-8.39861e-07,游릭 High,661.0
375,-8.39861e-07,游릭 High,661.0
374,-8.39861e-07,游릭 High,661.0
393,-8.39861e-07,游릭 High,661.0
372,-8.39861e-07,游릭 High,661.0
394,-8.39861e-07,游릭 High,661.0
407,-8.39861e-07,游릭 High,661.0
401,-8.39861e-07,游릭 High,661.0
342,-8.39861e-07,游릭 High,661.0
412,-8.39861e-07,游릭 High,661.0
340,-8.39861e-07,游릭 High,661.0
347,-8.39861e-07,游릭 High,661.0
341,-8.39861e-07,游릭 High,661.0
415,-8.39861e-07,游릭 High,661.0
348,-8.39861e-07,游릭 High,661.0
417,-8.39861e-07,游릭 High,661.0
338,-8.39861e-07,游릭 High,661.0
414,-8.39861e-07,游릭 High,661.0
413,-8.39861e-07,游릭 High,661.0
418,-8.39861e-07,游릭 High,661.0
345,-8.39861e-07,游릭 High,661.0
343,-8.39861e-07,游릭 High,661.0
346,-8.39861e-07,游릭 High,661.0
419,-8.39861e-07,游릭 High,661.0
416,-8.39861e-07,游릭 High,661.0
353,-8.39861e-07,游릭 High,661.0
349,-8.39861e-07,游릭 High,661.0
411,-8.39861e-07,游릭 High,661.0
351,-8.39861e-07,游릭 High,661.0
409,-8.39861e-07,游릭 High,661.0
881,-8.3986106e-07,游릭 High,174.5
510,-8.3986106e-07,游릭 High,174.5
1144,-8.3986106e-07,游릭 High,174.5
331,-8.3986106e-07,游릭 High,174.5
648,-8.3986106e-07,游릭 High,174.5
79,-8.3986106e-07,游릭 High,174.5
882,-8.3986106e-07,游릭 High,174.5
1131,-8.3986106e-07,游릭 High,174.5
883,-8.3986106e-07,游릭 High,174.5
82,-8.3986106e-07,游릭 High,174.5
91,-8.3986106e-07,游릭 High,174.5
339,-8.3986106e-07,游릭 High,174.5
88,-8.3986106e-07,游릭 High,174.5
1261,-8.3986106e-07,游릭 High,174.5
885,-8.3986106e-07,游릭 High,174.5
1121,-8.3986106e-07,游릭 High,174.5
501,-8.3986106e-07,游릭 High,174.5
657,-8.3986106e-07,游릭 High,174.5
1264,-8.3986106e-07,游릭 High,174.5
1265,-8.3986106e-07,游릭 High,174.5
4,-8.3986106e-07,游릭 High,174.5
3,-8.3986106e-07,游릭 High,174.5
1106,-8.3986106e-07,游릭 High,174.5
495,-8.3986106e-07,游릭 High,174.5
891,-8.3986106e-07,游릭 High,174.5
335,-8.3986106e-07,游릭 High,174.5
880,-8.3986106e-07,游릭 High,174.5
804,-8.3986106e-07,游릭 High,174.5
1254,-8.3986106e-07,游릭 High,174.5
528,-8.3986106e-07,游릭 High,174.5
806,-8.3986106e-07,游릭 High,174.5
1229,-8.3986106e-07,游릭 High,174.5
307,-8.3986106e-07,游릭 High,174.5
611,-8.3986106e-07,游릭 High,174.5
555,-8.3986106e-07,游릭 High,174.5
603,-8.3986106e-07,游릭 High,174.5
809,-8.3986106e-07,游릭 High,174.5
1203,-8.3986106e-07,游릭 High,174.5
360,-8.3986106e-07,游릭 High,174.5
811,-8.3986106e-07,游릭 High,174.5
1195,-8.3986106e-07,游릭 High,174.5
536,-8.3986106e-07,游릭 High,174.5
842,-8.3986106e-07,游릭 High,174.5
814,-8.3986106e-07,游릭 High,174.5
58,-8.3986106e-07,游릭 High,174.5
515,-8.3986106e-07,游릭 High,174.5
323,-8.3986106e-07,游릭 High,174.5
61,-8.3986106e-07,游릭 High,174.5
1245,-8.3986106e-07,游릭 High,174.5
1168,-8.3986106e-07,游릭 High,174.5
634,-8.3986106e-07,游릭 High,174.5
68,-8.3986106e-07,游릭 High,174.5
1165,-8.3986106e-07,游릭 High,174.5
1164,-8.3986106e-07,游릭 High,174.5
1162,-8.3986106e-07,游릭 High,174.5
635,-8.3986106e-07,游릭 High,174.5
569,-8.3986106e-07,游릭 High,174.5
373,-8.3986106e-07,游릭 High,174.5
784,-8.3986106e-07,游릭 High,174.5
1154,-8.3986106e-07,游릭 High,174.5
892,-8.3986106e-07,游릭 High,174.5
943,-8.3986106e-07,游릭 High,174.5
337,-8.3986106e-07,游릭 High,174.5
700,-8.3986106e-07,游릭 High,174.5
446,-8.3986106e-07,游릭 High,174.5
898,-8.3986106e-07,游릭 High,174.5
410,-8.3986106e-07,游릭 High,174.5
176,-8.3986106e-07,游릭 High,174.5
128,-8.3986106e-07,游릭 High,174.5
449,-8.3986106e-07,游릭 High,174.5
169,-8.3986106e-07,游릭 High,174.5
999,-8.3986106e-07,游릭 High,174.5
1003,-8.3986106e-07,游릭 High,174.5
455,-8.3986106e-07,游릭 High,174.5
1009,-8.3986106e-07,游릭 High,174.5
918,-8.3986106e-07,游릭 High,174.5
481,-8.3986106e-07,游릭 High,174.5
399,-8.3986106e-07,游릭 High,174.5
759,-8.3986106e-07,游릭 High,174.5
475,-8.3986106e-07,游릭 High,174.5
135,-8.3986106e-07,游릭 High,174.5
474,-8.3986106e-07,游릭 High,174.5
156,-8.3986106e-07,游릭 High,174.5
911,-8.3986106e-07,游릭 High,174.5
1049,-8.3986106e-07,游릭 High,174.5
761,-8.3986106e-07,游릭 High,174.5
764,-8.3986106e-07,游릭 High,174.5
687,-8.3986106e-07,游릭 High,174.5
824,-8.3986106e-07,游릭 High,174.5
444,-8.3986106e-07,游릭 High,174.5
267,-8.3986106e-07,游릭 High,174.5
742,-8.3986106e-07,游릭 High,174.5
227,-8.3986106e-07,游릭 High,174.5
425,-8.3986106e-07,游릭 High,174.5
953,-8.3986106e-07,游릭 High,174.5
487,-8.3986106e-07,游릭 High,174.5
212,-8.3986106e-07,游릭 High,174.5
429,-8.3986106e-07,游릭 High,174.5
207,-8.3986106e-07,游릭 High,174.5
432,-8.3986106e-07,游릭 High,174.5
433,-8.3986106e-07,游릭 High,174.5
182,-8.3986106e-07,游릭 High,174.5
199,-8.3986106e-07,游릭 High,174.5
1074,-8.3986106e-07,游릭 High,174.5
484,-8.3986106e-07,游릭 High,174.5
183,-8.3986106e-07,游릭 High,174.5
240,-8.3986106e-07,游릭 High,174.5
983,-8.3986106e-07,游릭 High,174.5
197,-8.3986106e-07,游릭 High,174.5
766,-8.3986106e-07,游릭 High,174.5
441,-8.3986106e-07,游릭 High,174.5
189,-8.3986106e-07,游릭 High,174.5
438,-8.3986106e-07,游릭 High,174.5
969,-8.3986106e-07,游릭 High,174.5
288,-8.398645e-07,游릭 High,117.0
1072,-8.398699e-07,游릭 High,116.0
254,-8.398704e-07,游릭 High,115.0
1079,-8.398717e-07,游릭 High,114.0
1200,-8.3987595e-07,游릭 High,113.0
1159,-8.398839e-07,游릭 High,111.5
228,-8.398839e-07,游릭 High,111.5
114,-8.398878e-07,游릭 High,110.0
1122,-8.398914e-07,游릭 High,109.0
1252,-8.398937e-07,游릭 High,108.0
1215,-8.398951e-07,游릭 High,107.0
279,-8.3991057e-07,游릭 High,106.0
1143,-8.399113e-07,游릭 High,105.0
1249,-8.3991364e-07,游릭 High,104.0
1221,-8.399201e-07,游릭 High,103.0
1114,-8.399218e-07,游릭 High,102.0
215,-8.399336e-07,游릭 High,101.0
1190,-8.3997304e-07,游릭 High,100.0
103,-8.3998464e-07,游릭 High,99.0
1111,-8.4001897e-07,游릭 High,98.0
1124,-8.400336e-07,游릭 High,97.0
1107,-8.4003364e-07,游릭 High,96.0
1017,-8.400362e-07,游릭 High,95.0
1228,-8.400496e-07,游릭 High,94.0
1240,-8.4006166e-07,游릭 High,93.0
1217,-8.4008815e-07,游릭 High,92.0
164,-8.4009e-07,游릭 High,91.0
1050,-8.400923e-07,游릭 High,90.0
1118,-8.400962e-07,游릭 High,89.0
196,-8.4012225e-07,游릭 High,88.0
1070,-8.401233e-07,游릭 High,87.0
1023,-8.401658e-07,游릭 High,86.0
1219,-8.4017967e-07,游릭 High,85.0
1191,-8.4020945e-07,游릭 High,84.0
148,-8.4021184e-07,游릭 High,83.0
1211,-8.402157e-07,游릭 High,82.0
100,-8.402173e-07,游릭 High,81.0
1016,-8.402236e-07,游릭 High,80.0
209,-8.402428e-07,游릭 High,79.0
1148,-8.4024754e-07,游릭 High,78.0
266,-8.402558e-07,游릭 High,77.0
217,-8.403168e-07,游릭 High,76.0
167,-8.4034446e-07,游릭 High,75.0
1064,-8.404032e-07,游릭 High,74.0
1177,-8.404057e-07,游릭 High,73.0
1060,-8.404726e-07,游릭 High,72.0
127,-8.4048145e-07,游릭 High,71.0
1071,-8.404893e-07,游릭 High,70.0
1227,-8.405172e-07,游릭 High,69.0
145,-8.40522e-07,游릭 High,68.0
1197,-8.405335e-07,游릭 High,67.0
1061,-8.405375e-07,游릭 High,66.0
1021,-8.4053966e-07,游릭 High,65.0
292,-8.4056035e-07,游릭 High,64.0
115,-8.406023e-07,游릭 High,63.0
1262,-8.4063737e-07,游릭 High,62.0
286,-8.406531e-07,游릭 High,61.0
1157,-8.4066886e-07,游릭 High,60.0
157,-8.4067904e-07,游릭 High,59.0
1212,-8.4069126e-07,游릭 High,58.0
1188,-8.407219e-07,游릭 High,57.0
1048,-8.4077146e-07,游릭 High,56.0
1036,-8.4077226e-07,游릭 High,55.0
105,-8.4077993e-07,游릭 High,54.0
1091,-8.4080193e-07,游릭 High,53.0
1150,-8.4080625e-07,游릭 High,52.0
1199,-8.4096206e-07,游릭 High,51.0
195,-8.409964e-07,游릭 High,50.0
1135,-8.410421e-07,游릭 High,49.0
309,-8.41193e-07,游릭 High,48.0
109,-8.4122337e-07,游릭 High,47.0
1175,-8.412844e-07,游릭 High,46.0
1130,-8.4146666e-07,游릭 High,45.0
1218,-8.414876e-07,游릭 High,44.0
119,-8.415572e-07,游릭 High,43.0
1169,-8.416159e-07,游릭 High,42.0
1225,-8.417365e-07,游릭 High,41.0
1001,-8.4182483e-07,游릭 High,40.0
1137,-8.418575e-07,游릭 High,39.0
297,-8.4221176e-07,游릭 High,38.0
1043,-8.422383e-07,游릭 High,37.0
1147,-8.42252e-07,游릭 High,36.0
104,-8.422904e-07,游릭 High,35.0
101,-8.423833e-07,游릭 High,34.0
234,-8.426271e-07,游릭 High,33.0
102,-8.428044e-07,游릭 High,32.0
1134,-8.428103e-07,游릭 High,31.0
1035,-8.429282e-07,游릭 High,30.0
1138,-8.432015e-07,游릭 High,29.0
108,-8.432868e-07,游릭 High,28.0
1025,-8.4347477e-07,游릭 High,27.0
1057,-8.440158e-07,游릭 High,26.0
106,-8.440459e-07,游릭 High,25.0
1018,-8.442427e-07,游릭 High,24.0
17,-8.444612e-07,游릭 High,23.0
1196,-8.4458577e-07,游릭 High,22.0
1083,-8.447089e-07,游릭 High,21.0
1044,-8.4545e-07,游릭 High,20.0
1006,-8.456137e-07,游릭 High,19.0
200,-8.4568626e-07,游릭 High,18.0
193,-8.4706204e-07,游릭 High,17.0
1032,-8.5072185e-07,游릭 High,16.0
1161,-8.5209433e-07,游릭 High,15.0
1216,-8.552208e-07,游릭 High,14.0
1260,-8.5582053e-07,游릭 High,13.0
1024,-8.5652454e-07,游릭 High,12.0
1089,-8.568782e-07,游릭 High,11.0
1098,-8.5883835e-07,游릭 High,10.0
1210,-8.6292044e-07,游릭 High,9.0
1208,-8.737274e-07,游릭 High,8.0
1002,-8.8392824e-07,游릭 High,7.0
1010,-8.934922e-07,游릭 High,6.0
1059,-9.236895e-07,游릭 High,5.0
1173,-9.262749e-07,游릭 High,4.0
1119,-9.649099e-07,游릭 High,3.0
1052,-1.0110779e-06,游릭 High,2.0
112,-1.03365e-06,游릭 High,1.0
